{
    "use_secondary_camera": 0,
    "2": {
        "tvec": [
            0.0089,
            0.0155,
            0.6093
        ],
        "rvec": [
            2.8945,
            -0.0944,
            0.0788
        ],
        "euler_angles": [
            166.0813760740767,
            -3.5218405919130618,
            -3.305893948445276
        ]
    },
    "1": {
        "tvec": [
            0.0124,
            0.0484,
            0.6251
        ],
        "rvec": [
            -2.9802,
            0.1711,
            -0.0862
        ],
        "euler_angles": [
            -170.92239878982411,
            -2.7745033151063163,
            -6.792037081085371
        ]
    },
    "3": {
        "tvec": [
            0.0034,
            -0.0354,
            0.633
        ],
        "rvec": [
            -2.9565,
            0.2368,
            0.2619
        ],
        "euler_angles": [
            -171.3181572972093,
            10.748340563600214,
            -8.340346551830985
        ]
    }
}
