{
    "2": {
        "tvec": [
            0.0243,
            0.0117,
            0.6107
        ],
        "rvec": [
            2.9006,
            -0.0275,
            -0.1664
        ],
        "euler_angles": [
            166.34779652579874,
            6.3469261530430625,
            -1.8469112840055024
        ]
    },
    "1": {
        "tvec": [
            0.027,
            0.0437,
            0.6094
        ],
        "rvec": [
            2.7898,
            -0.1406,
            -0.0809
        ],
        "euler_angles": [
            159.96056034508467,
            2.233042274045993,
            -6.164875800275896
        ]
    },
    "3": {
        "tvec": [
            0.0199,
            -0.0387,
            0.6147
        ],
        "rvec": [
            -3.3897,
            0.1649,
            0.134
        ],
        "euler_angles": [
            165.1769694178987,
            3.7410282867209546,
            -6.056996349751571
        ]
    }
}