{
    "use_secondary_camera": 1,
    "1": {
        "tvec": [
            0.0253,
            0.0619,
            0.6016
        ],
        "rvec": [
            -2.8104,
            -1.0993,
            0.1417
        ],
        "euler_angles": [
            -171.60537750212686,
            92.4760401247315,
            42.908071482366964
        ]
    },
    "2": {
        "tvec": [
            0.0475,
            0.0376,
            0.6027
        ],
        "rvec": [
            1.4383,
            2.7454,
            0.1942
        ],
        "euler_angles": [
            172.68480270271118,
            88.51369266591172,
            124.79542321638232
        ]
    },
    "3": {
        "tvec": [
            0.0887,
            0.0704,
            0.6014
        ],
        "rvec": [
            2.3903,
            1.8008,
            0.1552
        ],
        "euler_angles": [
            169.80219620930953,
            90.2607079252304,
            73.96388641128111
        ]
    }
}