{
    "3": {
        "tvec": [
            -0.029,
            0.0551,
            0.5869
        ],
        "rvec": [
            2.7498,
            -0.035,
            -0.3976
        ],
        "euler_angles": [
            158.37690864292605,
            15.635621443681192,
            85.53763376792386
        ]
    },
    "1": {
        "tvec": [
            -0.0251,
            -0.0269,
            0.6005
        ],
        "rvec": [
            -3.2005,
            -0.1238,
            0.3343
        ],
        "euler_angles": [
            175.88541849842787,
            12.066561106827477,
            93.99529821665405
        ]
    },
    "2": {
        "tvec": [
            0.0308,
            -0.0325,
            0.6327
        ],
        "rvec": [
            -2.4692,
            -2.4151,
            -0.2701
        ],
        "euler_angles": [
            160.47765287858232,
            6.484505881322387,
            87.61409999582165
        ]
    }
}