{
    "use_secondary_camera": 1,
    "3": {
        "tvec": [
            -0.0092,
            0.0307,
            0.5407
        ],
        "rvec": [
            -0.8961,
            2.154,
            -0.4688
        ],
        "euler_angles": [
            -139.1706867300088,
            299.805351036141,
            -123.5103374306025
        ]
    },
    "2": {
        "tvec": [
            0.0279,
            0.0217,
            0.5831
        ],
        "rvec": [
            -1.6422,
            1.8367,
            -0.6739
        ],
        "euler_angles": [
            -135.04110833457796,
            275.0267989470929,
            -94.31881448798569
        ]
    },
    "1": {
        "tvec": [
            0.0409,
            0.0526,
            0.6163
        ],
        "rvec": [
            -3.0433,
            1.0516,
            1.5657
        ],
        "euler_angles": [
            131.76125161642864,
            305.69209766910706,
            -54.52975130610505
        ]
    }
}