{
    "1": {
        "tvec": [
            0.0298,
            0.0434,
            0.6221
        ],
        "rvec": [
            -3.097,
            0.0493,
            0.023
        ],
        "euler_angles": [
            -177.4860385604116,
            0.8905951399612395,
            -1.8044448714789612
        ]
    },
    "2": {
        "tvec": [
            0.0281,
            0.0098,
            0.6181
        ],
        "rvec": [
            -2.8215,
            -1.201,
            0.0042
        ],
        "euler_angles": [
            -175.97759762421202,
            -1.5400009107398023,
            46.06095640280689
        ]
    },
    "3": {
        "tvec": [
            0.0675,
            -0.0264,
            0.6389
        ],
        "rvec": [
            -2.5958,
            -1.1535,
            0.2499
        ],
        "euler_angles": [
            -160.72757210126133,
            2.322444385498292,
            48.31238925471658
        ]
    }
}