{
    "use_secondary_camera": 1,
    "3": {
        "tvec": [
            0.0555,
            -0.0154,
            0.5568
        ],
        "rvec": [
            -2.0416,
            -2.3475,
            -0.2045
        ],
        "euler_angles": [
            175.20252729004093,
            -5.957882981664027,
            98.22341105875158
        ]
    },
    "2": {
        "tvec": [
            0.0483,
            0.0356,
            0.5889
        ],
        "rvec": [
            -3.3365,
            -0.3224,
            -0.3448
        ],
        "euler_angles": [
            165.68687888306124,
            -10.274521522430724,
            12.33197991788982
        ]
    },
    "1": {
        "tvec": [
            0.0221,
            0.0536,
            0.5855
        ],
        "rvec": [
            -2.6187,
            -1.0835,
            0.5002
        ],
        "euler_angles": [
            -158.00975042051536,
            12.279894094592526,
            47.34984430320622
        ]
    }
}