{
    "2": {
        "tvec": [
            0.0248,
            0.0102,
            0.6042
        ],
        "rvec": [
            -2.9009,
            0.0077,
            0.0539
        ],
        "euler_angles": [
            -166.2370665472018,
            2.134528286335801,
            -0.046530098817147536
        ]
    },
    "1": {
        "tvec": [
            0.0285,
            0.0429,
            0.62
        ],
        "rvec": [
            -2.9392,
            0.1433,
            0.0458
        ],
        "euler_angles": [
            -168.71763493966543,
            2.314356473072282,
            -5.3538288793254125
        ]
    },
    "3": {
        "tvec": [
            0.0214,
            -0.0416,
            0.6322
        ],
        "rvec": [
            -2.8451,
            0.2137,
            0.1864
        ],
        "euler_angles": [
            -164.2933285779899,
            8.511104424472778,
            -7.414951889668275
        ]
    }
}