{
    "2": {
        "tvec": [
            0.0263,
            0.0104,
            0.618
        ],
        "rvec": [
            -3.0654,
            -0.1825,
            0.0392
        ],
        "euler_angles": [
            -175.87932438185877,
            1.2183573834290244,
            6.858050159304039
        ]
    },
    "1": {
        "tvec": [
            0.0287,
            0.0422,
            0.608
        ],
        "rvec": [
            -2.9913,
            -0.1128,
            0.0622
        ],
        "euler_angles": [
            -171.45989728320313,
            2.048602993329634,
            4.472102157588022
        ]
    },
    "3": {
        "tvec": [
            0.0294,
            -0.0424,
            0.6403
        ],
        "rvec": [
            -2.2998,
            -2.1637,
            0.0613
        ],
        "euler_angles": [
            -179.16988496072085,
            2.2732664155506983,
            86.52345347080151
        ]
    }
}