{
    "1": {
        "tvec": [
            0.0334,
            0.0563,
            0.6462
        ],
        "rvec": [
            -3.368,
            0.1616,
            0.8072
        ],
        "euler_angles": [
            158.4893245605333,
            25.183976036843674,
            -10.353382409230443
        ]
    },
    "2": {
        "tvec": [
            0.0289,
            0.0211,
            0.6113
        ],
        "rvec": [
            -3.1002,
            -0.1844,
            -0.5983
        ],
        "euler_angles": [
            177.3583082082879,
            -21.689342812144712,
            7.3140397829420944
        ]
    },
    "3": {
        "tvec": [
            0.0308,
            -0.0325,
            0.6327
        ],
        "rvec": [
            -2.4692,
            -2.4151,
            -0.2701
        ],
        "euler_angles": [
            160.47765287858232,
            6.484505881322387,
            87.61409999582165
        ]
    }
}
