{
    "1": {
        "tvec": [
            0.0402,
            0.0464,
            0.6496
        ],
        "rvec": [
            2.901,
            -0.1477,
            1.2265
        ],
        "euler_angles": [
            -176.1431987455598,
            -45.66048316549659,
            -7.453371988440857
        ]
    }
}